{"exact": 65.72054240714226, "f1": 67.8933341568194, "total": 11873, "HasAns_exact": 61.45411605937922, "HasAns_f1": 65.80593057420971, "HasAns_total": 5928, "NoAns_exact": 69.97476871320437, "NoAns_f1": 69.97476871320437, "NoAns_total": 5945, "best_exact": 64.41505937842163, "best_exact_thresh": 0.2139662802219391, "best_f1": 66.33616022282428, "best_f1_thresh": 0.2516901195049286, "pr_exact_ap": 41.29956844466985, "pr_f1_ap": 47.10196363700246, "pr_oracle_ap": 76.02501151563861}