{"exact": 86.30506190516297, "f1": 88.99344326735459, "total": 11873, "HasAns_exact": 83.45141700404858, "HasAns_f1": 88.83588932410616, "HasAns_total": 5928, "NoAns_exact": 89.15054667788057, "NoAns_f1": 89.15054667788057, "NoAns_total": 5945, "best_exact": 66.56278952244588, "best_exact_thresh": 0.258603572845459, "best_f1": 68.52852699091721, "best_f1_thresh": 0.34620201587677, "pr_exact_ap": 55.7553320927132, "pr_f1_ap": 62.737438214000626, "pr_oracle_ap": 76.02501151563861}