{"exact": 71.93632611808304, "f1": 72.27269931588651, "total": 11873, "HasAns_exact": 70.25978407557355, "HasAns_f1": 70.93349510417012, "HasAns_total": 5928, "NoAns_exact": 73.6080740117746, "NoAns_f1": 73.6080740117746, "NoAns_total": 5945}